<?xml version="1.0"?>
<game_state>
	<window />
	<input />
	<textures />
	<audio>
		<volume value="100" />
		<volume_fx value="100" />
		<mute value="false" />
	</audio>
	<fonts />
	<map />
	<pathfinding />
	<scene_manager>
		<battle1 value="false" />
		<battle2 value="false" />
		<battle3 value="false" />
	</scene_manager>
	<entity_manager>
		<sapphire value="0" />
		<iris value="0" />
		<storm value="0" />
		<georgeb value="0" />
	</entity_manager>
	<gui />
	<:anonymous />
	<render />
</game_state>
